name,x,y,z,classification
Point #0,87298.81663452147,438378.7897241211,0.47420560359999997,nochange
Point #1,87316.3446496582,438323.6827294922,0.749205579758,nochange
Point #2,87325.06962524414,438296.2197167969,0.996205558777,nochange
Point #3,87333.72663818358,438268.72575927735,0.391205539703,color_change
Point #4,87307.55763183594,438351.1847436524,0.32320558071100003,color_change
Point #5,87323.12477050781,438276.1215112305,0.229143133163,nochange
