name,x,y,z,classification
Point #0,87229.88499389647,437299.3734033203,1.271965255737,nochange
Point #2,87238.46400390628,437278.9774072266,1.7059652709959998,change
Point #3,87244.48301635742,437281.9824121094,2.550965269804,color_change
Point #4,87230.6930078125,437326.49046875,1.130965223312,nochange
Point #7,87246.42201171875,437288.4284570313,3.0599652433399998,added
Point #8,87242.95301757811,437292.1074121094,1.8509652817250002,added
Point #9,87244.37602172853,437291.4163720703,5.9179651641849995,added
Point #10,87230.82810913086,437258.6574609375,2.07604824543,nochange
Point #12,87231.4321130371,437250.0775048828,3.09304826498,nochange
