name,x,y,z,classification
Point #1,84762.23622070311,437532.86180664063,4.7026891613010005,added
Point #2,84752.66517578125,437573.6058251952,5.598689308167,nochange
Point #3,84711.53724609374,437612.7608544922,5.978689184189,removed
Point #4,84701.49037109374,437627.44481445313,5.268689146042,nochange
