name,x,y,z,classification
Point #0,86624.17539916992,437204.0388085938,0.88685857296,added
Point #1,86621.48442016603,437202.8527734375,0.827858557701,added
Point #2,86620.04142700195,437195.91478515626,0.34285854339599997,nochange
Point #3,86644.47441040038,437201.9025781249,0.625858535767,nochange
Point #4,86641.69041381837,437209.74559570313,0.54185854435,change
Point #5,86662.82740722656,437222.1197412108,0.681858530045,change
