name,x,y,z,classification
Point #1,86980.32793746947,437143.5449121094,4.481482019424,nochange
Point #2,87004.36493621825,437139.7480371094,1.774481942654,nochange
Point #3,87004.53193603517,437152.37889648456,0.643481960297,change
Point #4,86992.36993347168,437150.8539941407,0.8134819173810001,nochange
Point #6,86985.2079385376,437133.18309570313,0.7354819679260001,removed
Point #7,86984.12291275023,437145.43578125,1.67406021595,removed
Point #8,86996.28291259764,437147.4196679688,1.2820601964,removed
