name,x,y,z,classification
Point #0,86955.24607406616,437122.1620996094,2.146496591866,added
