name,x,y,z,classification
Point #1,87161.82684570311,436688.50455078133,3.5363969039920002,nochange
Point #4,87186.3168359375,436683.223544922,3.4073969554900003,change
Point #5,87137.47723632812,436686.9379614258,3.253259105682,change
Point #6,87175.39618164062,436679.10596069344,4.393259210587,change
