name,x,y,z,classification
Point #0,87171.36639648436,436680.72238525393,2.948221964836,nochange
Point #1,87171.18622070311,436676.9934118653,2.8292219471929996,removed
Point #2,87173.87640624997,436679.7283972168,3.1102219057080003,removed
Point #3,87175.32635742187,436677.41540893563,4.3032218647,change
Point #4,87186.00018554686,436685.3814123536,3.217221899033,removed
Point #5,87186.32440429686,436683.2013891602,3.3322219085689997,change
Point #7,87167.88934570311,436682.5333898926,3.111221952438,nochange
Point #9,87164.64374023436,436688.4428442384,3.110212249756,added
Point #10,87175.36664062497,436678.9908178711,3.0582123231889997,added
