name,x,y,z,classification
Point #0,87946.1996484375,436013.9849584961,4.069940013885,nochange
Point #1,87925.90448242187,436040.89395507815,3.924940032959,nochange
Point #3,87914.56561523436,436075.3279455567,3.2129401397710002,nochange
Point #4,87962.6234765625,435998.82596191415,3.966940088272,nochange
Point #5,87977.200625,435969.46094116213,4.798940105438,nochange
