name,x,y,z,classification
Point #0,87595.2641015625,436124.30498107907,1.8377495315669998,nochange
Point #1,87588.07220703122,436140.29198059096,1.158749504089,nochange
Point #2,87601.77118164062,436109.8869818115,1.122749550343,change
