name,x,y,z,classification
Point #0,86793.75815063475,439484.6033972168,1.081027970314,nochange
Point #1,86796.45514160157,439482.68939575204,0.20702801704399998,added
