name,x,y,z,classification
Point #0,87651.52728515626,435471.9717749024,6.893399162292,nochange
Point #2,87652.95819335937,435463.25778564456,1.8373991903659999,nochange
Point #3,87665.73919921875,435478.9078100586,1.565399183035,nochange
Point #5,87655.03216796872,435523.565769043,3.345399184227,nochange
