name,x,y,z,classification
Point #0,87144.57782226561,436623.2903479004,2.135669199824,added
Point #1,87146.97772460937,436622.8053625489,2.18966920495,change
Point #2,87148.71869140622,436618.30835327157,5.797669095993,added
Point #3,87136.22870117187,436624.2913549805,2.0616691988710003,nochange
Point #4,87149.61078124997,436621.6423681641,2.255669189692,added
