name,x,y,z,classification
Point #0,86665.17865234372,436940.23208984383,3.194618387222,nochange
Point #1,86646.96869140622,436946.0920751952,2.900618357658,added
Point #2,86662.39874511719,436943.3550756836,2.555618329048,nochange
