name,x,y,z,classification
Point #0,87357.58768671035,435833.3967503071,3.56129638195,nochange
Point #1,87389.17768638609,435846.3557506561,0.585296430588,nochange
