name,x,y,z,classification
Point #1,87342.93924682616,435512.0012145996,1.566315897703,nochange
Point #2,87345.40324562072,435516.949243164,3.420315899849,nochange
Point #3,87366.46824639317,435528.1282287597,1.042315878868,nochange
Point #4,87369.44424646378,435552.715234375,2.608315923214,nochange
Point #5,87336.72524612426,435528.2342163085,1.841315903664,nochange
Point #6,87346.23124664307,435501.6532226561,3.5343158626560003,change
Point #7,87353.60324638366,435529.90923461906,1.263315894604,nochange
