name,x,y,z,classification
Point #0,87391.73446624755,435452.5501037597,2.3090629959110003,nochange
Point #1,87364.14146678925,435455.3571105957,2.3840629839900003,nochange
Point #2,87368.00546687125,435454.0821166992,2.517063000202,nochange
Point #3,87391.14346664428,435465.6931091308,3.27506295681,nochange
Point #4,87404.31746643066,435458.6491027832,2.0500629962979997,nochange
