name,x,y,z,classification
Point #1,86922.52790039062,435353.72619018547,11.095051803589001,color_change
Point #2,86924.04190795898,435346.6181884765,3.40405146122,nochange
Point #3,86926.63690917968,435347.7401672363,3.173051395416,removed
Point #5,86927.19791381835,435375.69417724607,3.6060514831540003,removed
Point #6,86924.61789672851,435400.68117675773,11.066051521301,removed
Point #7,86926.08481567382,435390.29131469724,3.474107422829,added
Point #8,86928.24881713865,435357.8183227538,11.276107826233,added
