name,x,y,z,classification
Point #0,86683.81164794923,440080.3490332032,0.5295238351820001,nochange
