name,x,y,z,classification
Point #1,86928.54044311521,435552.13573608396,7.767144718169999,removed
Point #2,86902.42945068359,435539.9357238769,4.353144445419,removed
Point #3,86901.81745117187,435541.3967224121,4.2511444473269995,removed
Point #4,86932.05545776366,435510.77572021476,7.053144493103,nochange
Point #5,86940.64246337891,435503.6887145996,7.483144321441999,removed
Point #6,86958.40244262695,435514.32473144523,8.107144393921,removed
Point #8,86955.18497436521,435509.6676574706,5.336074867249,added
Point #9,86960.38196533201,435495.74865112297,5.676074781418,added
