name,x,y,z,classification
Point #0,87223.89687316892,436088.09795532224,3.0505706453320003,change
