name,x,y,z,classification
Point #0,86751.96369140624,436572.43782958976,1.739964910746,nochange
Point #1,86733.91364257812,436565.81282958976,0.551964917183,nochange
Point #2,86752.02967041015,436547.4688354492,4.380965032578,nochange
Point #3,86740.94770019528,436585.82784423843,0.7569649600980001,nochange
Point #4,86730.0541455078,436569.5724731445,2.8843624973299997,removed
Point #5,86736.37915771484,436563.47646484367,2.932362475395,removed
