name,x,y,z,classification
Point #0,86953.12296264646,435902.74571380607,5.060690202713,change
