name,x,y,z,classification
Point #0,86447.58026855468,436086.1960998535,2.001524784565,nochange
Point #1,86446.74927490234,436082.3610931396,2.138524786532,removed
Point #2,86457.17627685546,436070.89409790037,5.261524715424,nochange
Point #3,86460.86127441406,436095.35210571287,5.024524726868,nochange
Point #4,86461.02527587891,436113.7080932617,0.961524763107,nochange
Point #5,86469.43231933593,436111.9851013185,3.222524800301,nochange
Point #6,86439.46430175778,436083.61609802244,8.755524673462,nochange
