name,x,y,z,classification
Point #0,86117.49323242184,435897.0984512329,4.592677869797,change
Point #1,86114.51728027343,435923.99544677726,5.685677804947,removed
Point #2,86136.31122558593,435945.70344696037,13.814678230285999,nochange
Point #3,86124.03522460937,435915.0114532471,6.365677871704,removed
Point #4,86131.59540527343,435945.4091506958,5.933536090851001,added
