name,x,y,z,classification
Point #0,85877.7005078125,435962.7037597656,4.383600273132,nochange
Point #1,85877.53046386718,435960.6707626343,4.162600317001,nochange
Point #2,85876.30951660156,435958.1847625732,4.148600378036,nochange
Point #6,85873.89948242184,435941.22276458726,5.484600343704,nochange
Point #7,85873.0385205078,435946.90776214603,4.886600294113,nochange
Point #8,85906.3334423828,435932.29276428226,8.864600219727,nochange
