name,x,y,z,classification
Point #0,85385.02069824218,435629.0589996338,4.775119104385,nochange
Point #1,85413.71271484374,435638.3699890136,4.477119007111,change
Point #3,85442.12665527343,435644.8529907226,4.659119167328,nochange
Point #4,85422.66767089843,435648.65599975584,6.9781189346309995,removed
Point #5,85436.95172851562,435627.4739929199,5.923119106293,removed
