name,x,y,z,classification
Point #1,85196.76081054687,435808.80318031297,6.1147404098510005,nochange
Point #2,85182.84967773437,435821.9211803436,4.494740285873,nochange
Point #3,85203.01178710937,435760.597177124,4.497740306854,nochange
Point #4,85181.29987304687,435826.9311796188,4.867740430832,nochange
Point #6,85213.48078124996,435783.88969955454,5.673004426956,change
Point #7,85223.08063476562,435759.83970031736,18.149004974365,nochange
