name,x,y,z,classification
Point #0,86922.38608795164,438804.5310400392,1.372210547924,nochange
Point #1,86902.43008666992,438866.121036377,0.56321059227,nochange
Point #2,86933.9880872345,438767.5630529786,0.826210603714,nochange
Point #4,86936.45708709715,438797.55603393563,1.8642105764149999,nochange
Point #5,86892.42837005614,438897.18315490725,1.4489553427700002,nochange
