name,x,y,z,classification
Point #0,86542.94067382812,436609.5790820313,0.42196855545,added
Point #1,86536.95971679686,436604.1980700685,0.304968452454,nochange
Point #2,86544.57067871095,436618.1220812989,0.347968673706,nochange
Point #3,86552.6717529297,436627.6350817871,5.869968569278999,nochange
