name,x,y,z,classification
Point #0,86132.65423583983,436720.450999756,5.390037244558001,removed
