name,x,y,z,classification
Point #0,85672.03274536131,436562.5156054688,4.493021821976,removed
Point #1,85675.16473388673,436554.6086230469,4.9260218501090005,added
Point #2,85661.68473815918,436553.8536181641,7.297021842003,nochange
Point #4,85670.19374084471,436578.7096057129,7.853021955489999,nochange
Point #5,85669.3267364502,436565.3156237793,4.388021922112,nochange
Point #6,85663.98207092285,436563.28968383797,4.650461113453,removed
