name,x,y,z,classification
Point #0,84778.21142578125,437313.67051269533,2.679028606415,nochange
Point #2,84815.62042236327,437239.0545458985,7.597028708458001,nochange
Point #3,84785.56243896483,437235.7605395508,5.008028721809,nochange
Point #4,84772.86639404298,437237.6745410157,2.1630288124079997,nochange
Point #5,84779.22241210938,437404.7075,9.924028491974,nochange
Point #6,84775.60742187501,437217.20853759773,3.379028654099,nochange
Point #7,84804.7412109375,437339.17417480476,2.065636491776,added
