name,x,y,z,classification
Point #0,84826.47155761719,437933.7735400392,1.205938434601,nochange
Point #1,84763.01556396483,437918.5195117188,0.124938583374,nochange
Point #3,84802.28155517577,437922.7494921875,0.381938552856,nochange
Point #4,84795.84057617188,437923.1984667969,0.24993858337400002,nochange
Point #6,84813.09655761719,437933.84543945314,-0.136061573029,nochange
Point #10,84780.7568359375,437962.420756836,0.45427856445299997,color_change
