name,x,y,z,classification
Point #0,87451.38793945311,437903.44077636726,20.44098815918,nochange
Point #1,87491.5458984375,437867.2227587891,14.240988349915,color_change
Point #2,87501.24487304686,437869.7947802735,10.257988071442,nochange
Point #3,87451.2939453125,437903.29978515627,8.957988119125,nochange
