name,x,y,z,classification
Point #0,84828.46655273436,436811.1985278321,8.098312234879,nochange
Point #1,84819.06756591798,436809.05552246096,8.126312351227,nochange
Point #2,84806.50854492188,436810.846538086,-0.26068773269699996,nochange
