name,x,y,z,classification
Point #0,87502.77398925781,438743.7092016602,0.141910419464,nochange
Point #2,87516.51794677733,438736.6832006836,0.7159104204180001,nochange
Point #3,87528.58197265626,438816.34521850594,0.75391040802,nochange
Point #4,87520.20093017581,438754.397220459,0.359910473824,color_change
Point #5,87471.70895629881,438756.0842016602,0.615910396576,nochange
Point #7,87477.23694091795,438737.3851965332,0.746910438538,nochange
Point #8,87474.82898193358,438745.4761999513,0.807910428047,nochange
Point #9,87507.02215820311,438740.9447668457,0.674211606979,nochange
Point #10,87460.34613281251,438726.24975952157,0.201211557388,nochange
