name,x,y,z,classification
Point #0,84978.50381469728,436250.1512351226,3.993909454346,nochange
Point #1,84943.00183105469,436297.0332350922,2.772909498215,nochange
Point #2,84996.53201293945,436186.26731445314,21.28607711792,nochange
