name,x,y,z,classification
Point #0,84795.99029541014,437473.4009814452,4.224276876449999,nochange
Point #1,84801.66827392577,437394.0870166016,10.587277030945,nochange
