name,x,y,z,classification
Point #0,84745.04290771483,438274.4914355469,7.042613840103001,nochange
Point #1,84738.46990966798,438261.43137695314,8.899613952637,nochange
Point #2,84728.69390869139,438278.5293994141,7.090613818169,nochange
Point #3,84746.97290039062,438247.8943896485,6.8836138010029995,nochange
