name,x,y,z,classification
Point #0,85352.37644958496,437965.9687304688,14.445447540283,nochange
Point #1,85303.78045654298,437944.258647461,6.11144772768,nochange
Point #2,85279.61845397949,437962.2306933594,7.3984477281570005,nochange
Point #3,85267.15545654298,437940.11875488283,7.302447652817,nochange
Point #4,85336.81745910643,437925.99875976564,11.434447860718,nochange
