name,x,y,z,classification
Point #0,85624.0285949707,436906.2884936524,0.596225357056,color_change
Point #1,85623.59259033202,436878.1365161133,0.665225124359,color_change
Point #2,85639.48559570311,436882.8724780274,7.0742252826689995,nochange
Point #3,85644.10258483888,436906.7035327149,7.018225288391,nochange
Point #5,85643.87159729005,436881.809489746,3.117225265503,nochange
Point #6,85645.11259460449,436884.1454882813,-0.281774902344,nochange
Point #7,85645.75459289552,436896.43149902346,3.060225343704,nochange
Point #9,85649.50259399414,436937.8315234375,1.8522251605989999,nochange
Point #11,85633.57913208006,436929.45395996096,0.153386688232,removed
