name,x,y,z,classification
Point #0,87119.88638549803,439259.830348816,0.798302755356,change
Point #1,87127.41438537596,439255.3133505249,-0.066697254181,removed
