name,x,y,z,classification
Point #0,86499.83233642577,435867.7899890137,7.477171516418,nochange
Point #3,86514.39929199219,435851.8349719239,4.62117151022,nochange
Point #4,86495.06121826173,435840.24918701174,6.922687864304,removed
