name,x,y,z,classification
Point #1,86332.76843261719,435911.6466784668,8.660350179672001,added
