name,x,y,z,classification
Point #0,86129.60083007811,435997.0764880371,8.323046064377,nochange
Point #1,86096.34484863281,436019.10349609377,13.589046096802,removed
Point #2,86141.43182373048,436000.4554858399,11.080045795441,removed
Point #7,86104.43292236327,436009.57880737307,7.891862726212,added
Point #8,86115.80993652342,436004.9288134766,8.434862709045,added
Point #9,86116.06494140626,436010.9508166504,6.490862762928,added
Point #12,86119.7939453125,436016.01481201156,9.545862770081,added
