name,x,y,z,classification
Point #0,86482.39697265626,437418.6454882813,1.413952445984,added
Point #2,86463.04693603517,437397.40757324226,1.551952457428,added
Point #3,86442.20697021483,437393.0705371094,0.746952629089,nochange
Point #6,86459.30694580077,437410.8915820313,-0.17704763412500002,nochange
Point #7,86481.09399414062,437417.5414843751,0.567952728271,nochange
