name,x,y,z,classification
Point #0,87154.29479980467,437497.7881884766,2.520182943344,nochange
Point #2,87102.03479003905,437505.1612353517,5.40218295753,nochange
