name,x,y,z,classification
Point #1,87090.31127929686,437487.5389208985,3.5943172931669998,nochange
Point #2,87084.87634277344,437440.5038867188,4.445317363739,nochange
Point #4,87086.2373046875,437443.7659716797,0.679317569733,nochange
Point #5,87082.63525390626,437443.8849902344,0.28931722640999996,nochange
