name,x,y,z,classification
Point #0,86492.02453613281,437139.17258789047,3.9258175849910004,nochange
Point #1,86479.23754882812,437138.75754882814,1.626817560196,removed
Point #2,86476.71051025389,437130.74955322273,3.314817523956,nochange
Point #3,86478.93951416014,437145.3345751952,4.354817605019,nochange
Point #4,86501.53350830077,437161.2415576172,3.0018175601959998,nochange
Point #5,86503.58551025389,437146.053569336,4.660817599297,nochange
Point #6,86487.24450683594,437158.5175585938,4.260817623138,nochange
