name,x,y,z,classification
Point #1,86513.66247558595,437028.9713549805,7.755174732208,change
Point #2,86494.91351318358,437069.9773364257,2.1301747322080002,nochange
Point #3,86498.06335449219,437066.7464404297,3.017660236359,nochange
