name,x,y,z,classification
Point #0,86698.30398803709,439280.49670776376,-2.8012143516540005,nochange
Point #1,86708.19998413084,439279.1167181396,-2.154214038849,nochange
Point #3,86735.89198547362,439275.7497137451,-0.654214277267,nochange
Point #4,86725.36297851561,439302.4347113037,-2.312214508057,nochange
Point #7,86685.4839807129,439307.8217047121,-3.50621427536,nochange
Point #8,86787.55497985838,439287.73271545407,-1.521214380264,nochange
