name,x,y,z,classification
Point #0,86668.7875390625,439725.77566894534,-0.085578575134,added
