name,x,y,z,classification
Point #0,87230.95279174803,438591.31399902346,0.82058511734,nochange
Point #1,87238.91678100586,438565.8859594728,0.430585131645,color_change
Point #2,87247.10879760742,438540.4349707032,0.146585092545,nochange
Point #3,87255.50778442383,438514.6420019532,0.075584993362,nochange
