name,x,y,z,classification
Point #10,86953.78550725935,439181.94408020016,0.9458911275859999,nochange
