name,x,y,z,classification
Point #3,86938.33629547118,439257.1578264332,0.250579228401,nochange
Point #4,86936.36929450989,439271.6108262634,0.33857916832,removed
Point #9,86930.27629505158,439288.73082710267,0.99457918644,nochange
Point #17,86963.7705606079,439246.9375560379,1.0704933309559999,nochange
