name,x,y,z,classification
Point #4,87248.31346069336,438471.8858544922,0.170900812149,nochange
