name,x,y,z,classification
Point #1,87229.84400878905,437301.8234765625,1.220965256691,change
Point #5,87238.58100830077,437308.1214501952,1.3279652500149999,nochange
Point #6,87248.84901367188,437285.75340820313,1.392965247631,added
Point #11,87231.85609375,437242.80052734376,2.231048251279,nochange
