name,x,y,z,classification
Point #14,87661.56208740233,438256.98460937507,0.645718445778,nochange
Point #16,87658.03907714845,438264.78563476546,0.863718380928,nochange
Point #19,87632.35310302733,438259.9266259766,0.452718367577,nochange
Point #20,87650.21510253905,438230.6776025391,1.6587183976170001,nochange
Point #22,87665.58271728517,438253.2100732422,0.702131619453,removed
