name,x,y,z,classification
Point #0,84708.54627929686,437563.6828515625,3.2586891555790003,nochange
