name,x,y,z,classification
Point #5,84918.22120605469,436360.8571679688,0.07542728424100001,nochange
