name,x,y,z,classification
Point #0,86981.2249368286,437140.9050195313,0.486481895447,nochange
Point #5,86997.25593505861,437136.64598632796,2.183481948227,added
Point #9,86998.0719140625,437138.1638085938,3.3810602331160005,removed
