name,x,y,z,classification
Point #0,87158.17083984372,436689.0755346681,3.239396853447,nochange
Point #2,87171.36590820311,436680.65954956063,5.166397018433,nochange
Point #3,87175.55682617187,436678.1625402832,3.9723970127109998,change
