name,x,y,z,classification
Point #6,87168.87640624997,436674.1694067383,3.6802219581599998,nochange
Point #8,87180.73773437501,436670.9528234864,3.0462122392650004,change
Point #11,87169.31170898436,436675.0598181153,3.18521229744,nochange
