name,x,y,z,classification
Point #11,87209.14813476561,436676.2467687989,3.779533786774,removed
Point #14,87236.46307617187,436681.01974853524,3.651533765793,nochange
Point #15,87233.91424804686,436686.53076538094,3.6445337963099997,nochange
Point #19,87238.52020507811,436661.74576171883,3.025533719063,nochange
Point #24,87231.11712890622,436647.47775634774,3.0465337467189997,removed
