name,x,y,z,classification
Point #1,87683.88788085937,436611.5764807129,3.908688707352,removed
Point #3,87685.4340234375,436587.3264807129,5.483688755035,removed
Point #7,87689.01581054686,436633.8754919434,6.578688545226999,removed
