name,x,y,z,classification
Point #2,87926.41644531251,436050.01794799813,4.589939994812,color_change
