name,x,y,z,classification
Point #6,87695.59930664062,435718.23019775393,5.285396499634,nochange
Point #8,87681.73016601561,435728.7422216797,5.698396606445,nochange
Point #12,87721.63934570311,435670.35617431643,6.194396419525,change
Point #14,87698.06024414062,435705.0234716797,10.349550170898,added
