name,x,y,z,classification
Point #3,87610.17523437501,436091.6329992676,1.428749544621,nochange
Point #4,87584.19525390622,436149.495899048,1.7413387876750002,added
