name,x,y,z,classification
Point #1,87659.65912109376,435494.8577612305,2.102399183512,nochange
Point #4,87648.57733398436,435500.4997900392,6.596399230957,nochange
