name,x,y,z,classification
Point #5,87150.02386718747,436622.5103491212,2.611669225693,nochange
