name,x,y,z,classification
Point #0,87138.30536132812,436563.7323034668,2.658112390041,nochange
Point #3,87107.28827148436,436550.22330078133,2.610112411976,nochange
Point #12,87179.91620117187,436590.7823065185,2.9641124439240003,nochange
Point #13,87171.14325195311,436579.6993139649,2.958112401962,removed
Point #14,87178.97137695311,436613.2063024903,3.691112442017,nochange
Point #16,87194.44134765626,436608.45131286624,4.070112390518,nochange
Point #18,87152.23529296872,436539.0803106689,4.01411239624,nochange
