name,x,y,z,classification
Point #4,87109.35150390622,435886.45227417,1.4145518970489999,nochange
Point #6,87109.51849609376,435892.753269043,1.1675519180299998,nochange
Point #13,87127.35345703122,435906.8402746582,2.361551923752,added
