name,x,y,z,classification
Point #0,87353.20124595641,435521.067224121,2.042315901453,nochange
