name,x,y,z,classification
Point #11,86924.84387939452,435406.0207458496,3.7209031963349997,added
