name,x,y,z,classification
Point #0,86929.58890502929,435344.9261718749,3.376051464081,removed
Point #4,86934.75791137695,435384.0631652832,3.090051450729,removed
