name,x,y,z,classification
Point #0,86914.43146484374,435530.60573730466,9.600144424438,change
Point #7,86935.30545776366,435501.402734375,5.080144443512,removed
