name,x,y,z,classification
Point #1,87204.15183227537,436064.7276550292,1.138951101303,removed
