name,x,y,z,classification
Point #1,86943.80698364257,435907.6397186279,1.179690220356,added
Point #2,86939.55197875976,435908.0537200928,4.92369011879,change
