name,x,y,z,classification
Point #3,85870.73554199218,435963.35876617435,4.827600278854,nochange
Point #4,85890.65448730468,435953.7157608032,4.416600265503,nochange
Point #5,85899.31049316406,435968.5607696533,6.699600257874,nochange
