name,x,y,z,classification
Point #5,85336.58454101562,435434.4331298828,4.62885550499,nochange
Point #10,85337.9887158203,435434.28835449216,6.966115512848001,added
