name,x,y,z,classification
Point #2,85442.39472167968,435643.55999145505,4.606119194031,change
