name,x,y,z,classification
Point #0,85192.6067578125,435792.8141799927,4.521740236282,nochange
Point #5,85213.19782226562,435728.6331802368,5.045740404129,nochange
