name,x,y,z,classification
Point #3,86899.54608779907,438853.0170324707,4.727210626602,added
