name,x,y,z,classification
Point #2,85317.91583984374,435992.55298767093,9.450368919373,change
Point #8,85304.467109375,436040.90165100095,6.94211057663,change
