name,x,y,z,classification
Point #7,85441.32236480714,436222.3703112793,9.583099937439,nochange
Point #12,85532.93736648558,436278.9643099498,5.432099869847,nochange
