name,x,y,z,classification
Point #1,86130.57672119139,436713.07212402346,5.254776930809,added
