name,x,y,z,classification
Point #3,85664.34974670409,436547.092631836,6.354021883011,nochange
