name,x,y,z,classification
Point #1,84808.74743652342,437316.13254882814,14.214028930664,nochange
