name,x,y,z,classification
Point #2,84767.66357421875,437922.37754394533,0.8649383544920001,nochange
Point #5,84835.7735595703,437918.40854980476,0.617938613892,nochange
Point #7,84835.77258300781,437950.5834765625,1.7119384765619998,nochange
Point #8,84840.06060791014,437934.1015429688,0.906938171387,nochange
Point #9,84760.23980712889,437949.07578613283,1.1282783508299998,nochange
