name,x,y,z,classification
Point #1,87515.0909448242,438742.46521362313,1.216910467148,change
Point #6,87464.50595336915,438748.6871984864,0.773910388947,removed
