name,x,y,z,classification
Point #1,85400.24830627441,438092.9714160157,0.612434482574,change
Point #2,85375.22030639647,438090.8614306641,6.210434234141999,nochange
Point #6,85413.29930877684,438112.725444336,-1.249565982819,removed
Point #12,85429.63530731201,438080.71445800783,-1.185565853119,nochange
Point #14,85418.6123046875,438077.4944873047,-0.774565601349,removed
Point #15,85421.16730499268,438078.52146484377,-1.081565761566,nochange
Point #17,85447.01630783083,438085.58042480476,0.773434257507,removed
Point #19,85446.74030685423,438104.3714404297,3.423434352875,nochange
Point #23,85420.86630630492,438111.84446289047,-0.030565643311,removed
