name,x,y,z,classification
Point #6,87037.48937988281,436456.7500720215,4.232816314697,nochange
Point #7,87035.4884033203,436458.78406860353,2.505816316605,nochange
Point #8,87024.16943359374,436436.4150653076,2.9828163146969997,nochange
Point #11,87040.80041503905,436419.3580737305,4.453816390038,nochange
Point #12,86997.88940429686,436437.87105896,6.169816350937,nochange
Point #16,87063.66943359374,436489.9650683594,4.342816329002,change
