name,x,y,z,classification
Point #14,87240.52612304686,436660.65473510727,8.28745303154,color_change
Point #33,87175.2420654297,436675.340739746,4.355452990532,removed
