name,x,y,z,classification
Point #0,87178.91784667967,436613.0221667481,6.034483796358,nochange
Point #1,87178.56884765626,436617.4231677247,5.302483773232,nochange
Point #13,87207.83264160158,436665.2357287598,5.061227536201001,nochange
Point #15,87130.01367187501,436577.9977526856,4.595227575302,color_change
