name,x,y,z,classification
Point #10,87204.49914550781,436646.82169677736,5.925364470482,nochange
Point #12,87156.51611328125,436581.3376879884,11.0163646698,nochange
