name,x,y,z,classification
Point #4,85633.26058959962,436931.37748291023,0.5932250976560001,change
Point #8,85644.98759460449,436928.35050537117,2.051225280762,nochange
Point #10,85648.67658996582,436920.8984790039,0.709225273132,nochange
