name,x,y,z,classification
Point #2,87137.93339782713,439211.06235107424,0.587302789688,nochange
