name,x,y,z,classification
Point #1,86550.83227539062,435838.6809802246,11.875171279907,nochange
Point #2,86514.51928710938,435850.19599487307,4.629171526432,nochange
