name,x,y,z,classification
Point #0,86316.42242431639,435913.0176806641,6.7803501844410015,nochange
