name,x,y,z,classification
Point #3,86112.33184814452,436003.3454699707,7.898045873642,removed
Point #4,86070.42785644531,436034.67548706057,6.9050459623339995,color_change
Point #5,86125.38385009764,435981.7724719239,7.254045939445,color_change
Point #6,86095.1259765625,436014.9838061524,7.841862773895,added
Point #10,86111.65197753905,435994.8168139649,8.379862642288,added
Point #11,86132.69396972656,435987.0318103028,10.988862609863,added
