name,x,y,z,classification
Point #1,86479.14398193358,437399.9755664063,3.234952545166,color_change
Point #4,86452.92095947267,437390.5705371094,4.195952510834,added
Point #5,86467.75494384764,437416.2885546875,3.2809525489810003,nochange
Point #8,86467.74298095702,437416.18052246096,-0.124047660828,nochange
