name,x,y,z,classification
Point #0,86488.44451904298,437587.35447265627,1.4951792716980001,nochange
