name,x,y,z,classification
Point #1,87141.45776367188,437496.81125976564,0.224183177948,nochange
