name,x,y,z,classification
Point #0,87089.77624511719,437461.1259570313,4.157317376137,nochange
Point #3,87088.05932617188,437443.7149462891,0.775317287445,nochange
