name,x,y,z,classification
Point #0,86490.0205078125,437062.7193408204,3.931174850464,color_change
