name,x,y,z,classification
Point #0,87216.70373535155,436671.15134765627,8.777671670914,change
Point #3,87204.4337158203,436646.9943347168,5.920671647787,nochange
Point #5,87204.5587158203,436638.89133789047,4.037671661377,nochange
Point #17,87223.70837402342,436673.63029052736,4.31047437191,removed
Point #21,87222.06335449219,436655.20328857424,5.512474431098,removed
Point #22,87226.77734375,436652.5182910157,3.516474342346,nochange
Point #24,87218.27038574217,436654.3252978516,6.147474443913,change
Point #25,87238.4873046875,436661.6942858887,3.5274744987489997,nochange
