name,x,y,z,classification
Point #2,86721.85698181152,439276.78570922854,-0.9062143707279999,nochange
Point #5,86711.43397766112,439304.3177069092,-2.584214344025,nochange
Point #6,86701.46997314451,439305.64871582034,-3.210214271545,nochange
