name,x,y,z,classification
Point #4,87247.72778564451,438511.98996337893,0.211585149765,nochange
Point #5,87217.53439575195,438558.9875219728,0.622896895409,nochange
